My_Order,Mitzvah,Chinuch_Order,Book,Parsha,Chapter,Verse,P/N,Man_v,Gender,Live_in_Israel,Kohen,Not_a_Vegetarian,Judge,Farmer,Married,Children,Employer,Lend,Sorcery,Social,Faith,Ritual,Monetary,Speech,Holidays,Food,Criminal,Intimacy,Idolatry
1,To Marry A Wife In Order To Have Children,1,Genesis,Bereshit,1,28,P,Man,Male,Y,Y,Y,Y,Y,N,Y,Y,Y,Y,Y,,,,,,,,,
2,To Respect One's Father And Mother,33,Exodus,Yitro,20,12,P,Man,Both,Y,Y,Y,Y,Y,Y,Y,Y,Y,Y,Y,,,,,,,,,
3,Not to covet anything belonging to one's fellow man,38,Exodus,Yitro,20,14,N,Man,Both,Y,Y,Y,Y,Y,Y,Y,Y,Y,Y,Y,,,,,,,,,
4,"Not to withhold she'er, k'suth, or onah from one's wife",46,Exodus,Yitro,21,10,N,Man,Male,Y,Y,Y,Y,Y,N,Y,Y,Y,Y,Y,,,,,,,,,
5,To follow the majority in laws of the Torah,78,Exodus,Mishpatim,23,2,P,Man,Both,Y,Y,Y,Y,Y,Y,Y,Y,Y,Y,Y,,,,,,,,,
6,To Return What One Has Stolen,130,Leviticus,Vayikra,5,23,P,Man,Both,Y,Y,Y,Y,Y,Y,Y,Y,Y,Y,Y,,,,,,,,,
7,To Have Reverant Fear Of One's Father And Mother,212,Leviticus,Kedoshim,19,3,P,Man,Both,Y,Y,Y,Y,Y,Y,Y,Y,Y,Y,Y,,,,,,,,,
8,Not to cause one's fellow man to stumble over anything,232,Leviticus,Kedoshim,19,14,N,Man,Both,Y,Y,Y,Y,Y,Y,Y,Y,Y,Y,Y,,,,,,,,,
9,Not to refrain from rescuing one's fellow-man from danger,237,Leviticus,Kedoshim,19,16,N,Man,Both,Y,Y,Y,Y,Y,Y,Y,Y,Y,Y,Y,,,,,,,,,
10,Not to hate in one's heart any decent person in Jewry,238,Leviticus,Kedoshim,19,17,N,Man,Both,Y,Y,Y,Y,Y,Y,Y,Y,Y,Y,Y,,,,,,,,,
11,Not to shame one's fellow man,240,Leviticus,Kedoshim,19,17,N,Man,Both,Y,Y,Y,Y,Y,Y,Y,Y,Y,Y,Y,,,,,,,,,
12,Not to take revenge from one's fellow man,241,Leviticus,Kedoshim,19,18,N,Man,Both,Y,Y,Y,Y,Y,Y,Y,Y,Y,Y,Y,,,,,,,,,
13,To harbor no hatred in our heart toward our fellow-man,242,Leviticus,Kedoshim,19,18,N,Man,Both,Y,Y,Y,Y,Y,Y,Y,Y,Y,Y,Y,,,,,,,,,
14,To Bear Affection For Every Jew As Oneself,243,Leviticus,Kedoshim,19,18,P,Man,Both,Y,Y,Y,Y,Y,Y,Y,Y,Y,Y,Y,,,,,,,,,
15,To Honor An Aged Man And A Torah Scholar,257,Leviticus,Kedoshim,19,32,P,Man,Both,Y,Y,Y,Y,Y,Y,Y,Y,Y,Y,Y,,,,,,,,,
16,Not to follow the fixed customs of the heathen,262,Leviticus,Kedoshim,10,23,N,Man,Both,Y,Y,Y,Y,Y,Y,Y,Y,Y,Y,Y,,,,,,,,,
17,To Accord Honor To A Kohen,269,Leviticus,Emor,21,8,P,Man,Both,Y,Y,Y,Y,Y,Y,Y,Y,Y,Y,Y,,,,,,,,,
18,To do nothing whatever from which there can result Hillul Hashem,295,Leviticus,Emor,22,32,N,God,Both,Y,Y,Y,Y,Y,Y,Y,Y,Y,Y,Y,,,,,,,,,
19,To Sanctify God Openly,296,Leviticus,Emor,22,32,P,Man,Both,Y,Y,Y,Y,Y,Y,Y,Y,Y,Y,Y,,,,,,,,,
20,To Separate Chalah From Dough And Give To Kohen,385,Numbers,Shelach,15,20,P,Man,Both,Y,Y,Y,Y,Y,Y,Y,Y,Y,Y,Y,,,,,,,,,
21,Not to go straying after the thought of the heart and the sight of the eyes,387,Numbers,Shelach,15,39,N,God,Both,Y,Y,Y,Y,Y,Y,Y,Y,Y,Y,Y,,,,,,,,,
22,To Render Judgement On Land Inheritance,400,Numbers,Pinchas,27,8,P,Man,Male,Y,Y,Y,Y,Y,Y,Y,Y,Y,Y,Y,,,,,,,,,
23,To Deal With Cases Of Nullifying Vows And Oaths,406,Numbers,Matot,30,3,P,Man,Male,Y,Y,Y,Y,Y,Y,Y,Y,Y,Y,Y,,,,,,,,,
24,Not to appoint a judge who is unsuitable,414,Deuteronomy,Devarim,1,17,N,Man,Both,Y,Y,Y,Y,Y,Y,Y,Y,Y,Y,Y,,,,,,,,,
25,Not to crave in one's heart something that belongs to his fellow-man,416,Deuteronomy,Vaetchanan,5,18,N,Man,Both,Y,Y,Y,Y,Y,Y,Y,Y,Y,Y,Y,,,,,,,,,
26,To Bear Affection For A Ger,431,Deuteronomy,Ekev,10,19,P,Man,Both,Y,Y,Y,Y,Y,Y,Y,Y,Y,Y,Y,,,,,,,,,
27,To Be Attached To Torah Scholars,434,Deuteronomy,Ekev,10,20,P,Man,Both,Y,Y,Y,Y,Y,Y,Y,Y,Y,Y,Y,,,,,,,,,
28,Not to harden one's heart and shut one's hand to a poor Jewish man,478,Deuteronomy,Re'eh,15,7,N,Man,Both,Y,Y,Y,Y,Y,Y,Y,Y,Y,Y,Y,,,,,,,,,
29,To Give Charity To The Poor In Jewry,479,Deuteronomy,Re'eh,15,8,P,Man,Both,Y,Y,Y,Y,Y,Y,Y,Y,Y,Y,Y,,,,,,,,,
30,To hearken to the words of the great Beth Din,495,Deuteronomy,Shoftim,17,10,P,God,Both,Y,Y,Y,Y,Y,Y,Y,Y,Y,Y,Y,,,,,,,,,
31,To Return A Lost Object To A Jew,538,Deuteronomy,Ki Tetzei,22,1,P,Man,Both,Y,Y,Y,Y,Y,Y,Y,Y,Y,Y,Y,,,,,,,,,
32,"Not to turn a blind eye to the lost object of a Jew, to leave it",539,Deuteronomy,Ki Tetzei,22,3,N,Man,Both,Y,Y,Y,Y,Y,Y,Y,Y,Y,Y,Y,,,,,,,,,
33,"Not to leave the animal of a Jew lying crouched under its load, and not help unload",540,Deuteronomy,Ki Tetzei,22,4,N,Man,Both,Y,Y,Y,Y,Y,Y,Y,Y,Y,Y,Y,,,,,,,,,
34,"That a man's garment, etc., should not be on a woman",542,Deuteronomy,Ki Tetzei,22,5,N,God,Female,Y,Y,Y,Y,Y,Y,Y,Y,Y,Y,Y,,,,,,,,,
35,That a man should not wear a woman's garment,543,Deuteronomy,Ki Tetzei,22,5,N,God,Male,Y,Y,Y,Y,Y,Y,Y,Y,Y,Y,Y,,,,,,,,,
36,To Make A Parapet On The Roof And Remove Any Possible Cause Of Accident,546,Deuteronomy,Ki Tetzei,22,8,P,Man,Both,Y,Y,Y,Y,Y,Y,Y,Y,Y,Y,Y,,,,,,,,,
37,Not to leave any stumbling-block (source of accidents) in one's house,547,Deuteronomy,Ki Tetzei,22,8,N,Man,Both,Y,Y,Y,Y,Y,Y,Y,Y,Y,Y,Y,,,,,,,,,
38,Not to punish anyone who is forced to sin against his will,556,Deuteronomy,Ki Tetzei,22,26,N,Man,Both,Y,Y,Y,Y,Y,Y,Y,Y,Y,Y,Y,,,,,,,,,
39,To Decimate The Descendants Of Amalek,604,Deuteronomy,Ki Tetzei,25,19,P,Man,Both,Y,Y,Y,Y,Y,Y,Y,Y,Y,Y,Y,,,,,,,,,
40,Not to forget the action of Amalek,605,Deuteronomy,Ki Tetzei,25,19,N,Man,Both,Y,Y,Y,Y,Y,Y,Y,Y,Y,Y,Y,,,,,,,,,
41,To Walk In God's Ways,611,Deuteronomy,Ki Tavo,28,9,P,Man,Both,Y,Y,Y,Y,Y,Y,Y,Y,Y,Y,Y,,,,,,,,,
42,To Believe There Is A God,25,Exodus,Yitro,20,2,P,God,Both,Y,Y,Y,Y,Y,Y,Y,Y,Y,Y,,Y,,,,,,,,
43,To Have Reverant Fear Of The Sanctuary,254,Leviticus,Kedoshim,19,30,P,God,Both,Y,Y,Y,Y,Y,Y,Y,Y,Y,Y,,Y,,,,,,,,
44,To Believe That God Is One,417,Deuteronomy,Vaetchanan,6,4,P,God,Both,Y,Y,Y,Y,Y,Y,Y,Y,Y,Y,,Y,,,,,,,,
45,To Love God With All One's Might,418,Deuteronomy,Vaetchanan,6,5,P,God,Both,Y,Y,Y,Y,Y,Y,Y,Y,Y,Y,,Y,,,,,,,,
46,To Fear God,432,Deuteronomy,Ekev,10,20,P,God,Both,Y,Y,Y,Y,Y,Y,Y,Y,Y,Y,,Y,,,,,,,,
47,To add nothing to the mitzvoth of the Torah,454,Deuteronomy,Re'eh,13,1,N,God,Both,Y,Y,Y,Y,Y,Y,Y,Y,Y,Y,,Y,,,,,,,,
48,To take nothing away from the mitzvoth of the Torah,455,Deuteronomy,Re'eh,13,1,N,God,Both,Y,Y,Y,Y,Y,Y,Y,Y,Y,Y,,Y,,,,,,,,
49,Not to deviate from the words of the great beth din,496,Deuteronomy,Shoftim,17,11,N,God,Both,Y,Y,Y,Y,Y,Y,Y,Y,Y,Y,,Y,,,,,,,,
50,To Circumsize Every Male At 8 Days Old,2,Genesis,Lech Lecha,17,10,P,Man,Both,Y,Y,Y,Y,Y,Y,N,Y,Y,Y,,,Y,,,,,,,
51,To Hallow Firstborn Males That Open A Womb,18,Exodus,Bo,13,2,P,Man,Both,Y,Y,Y,Y,Y,N,N,Y,Y,Y,,,Y,,,,,,,
52,Not to go out on the Sabbath beyond the limit,24,Exodus,Beshalach,16,29,N,God,Both,Y,Y,Y,Y,Y,Y,Y,Y,Y,Y,,,Y,,,,,,,
53,Not to work on the Sabbath,32,Exodus,Yitro,20,10,N,God,Both,Y,Y,Y,Y,Y,Y,Y,Y,Y,Y,,,Y,,,,,,,
54,To Rest From Work On The Sabbath,85,Exodus,Mishpatim,23,12,P,God,Both,Y,Y,Y,Y,Y,Y,Y,Y,Y,Y,,,Y,,,,,,,
55,To build a Beit Hamikdash,95,Exodus,Mishpatim,25,8,P,God,Both,Y,Y,Y,Y,Y,Y,Y,Y,Y,Y,,,Y,,,,,,,
56,To make no oil like the anointing oil,109,Exodus,Ki Tisah,30,32,N,God,Both,Y,Y,Y,Y,Y,Y,Y,Y,Y,Y,,,Y,,,,,,,
57,Not to reproduce the composition of the incense,110,Exodus,Ki Tisah,30,37,N,God,Both,Y,Y,Y,Y,Y,Y,Y,Y,Y,Y,,,Y,,,,,,,
58,Not to shave the temples of the head,251,Leviticus,Kedoshim,19,27,N,God,Male,Y,Y,Y,Y,Y,Y,Y,Y,Y,Y,,,Y,,,,,,,
59,Not to mar [razor-shave] an edge of the beard,252,Leviticus,Kedoshim,19,27,N,God,Male,Y,Y,Y,Y,Y,Y,Y,Y,Y,Y,,,Y,,,,,,,
60,To inscribe no tattooed marks in one's flesh,253,Leviticus,Kedoshim,19,28,N,God,Both,Y,Y,Y,Y,Y,Y,Y,Y,Y,Y,,,Y,,,,,,,
61,To emasculate no male being whatever,291,Leviticus,Emor,22,24,N,God,Both,Y,Y,Y,Y,Y,Y,Y,Y,Y,Y,,,Y,,,,,,,
62,To Make Tzitzith On The Garments,386,Numbers,Shelach,15,38,P,God,Male,Y,Y,Y,Y,Y,Y,Y,Y,Y,Y,,,Y,,,,,,,
63,Israelites to Redeem Firstborn Son,392,Numbers,Korach,18,15,P,Man,Both,Y,Y,Y,Y,Y,N,N,Y,Y,Y,,,Y,,,,,,,
64,To Bind T'fillin On One's Hand,421,Deuteronomy,Vaetchanan,6,8,P,God,Male,Y,Y,Y,Y,Y,Y,Y,Y,Y,Y,,,Y,,,,,,,
65,To Put T'fillin On One's Head,422,Deuteronomy,Vaetchanan,6,8,P,God,Male,Y,Y,Y,Y,Y,Y,Y,Y,Y,Y,,,Y,,,,,,,
66,To Affix A Mezuzah At The Entrance,423,Deuteronomy,Vaetchanan,6,9,P,God,Both,Y,Y,Y,Y,Y,Y,Y,Y,Y,Y,,,Y,,,,,,,
67,To destroy no holy thing and to erase no name whatever among the holy names,437,Deuteronomy,Re'eh,12,4,N,God,Both,Y,Y,Y,Y,Y,Y,Y,Y,Y,Y,,,Y,,,,,,,
68,To produce no baldness over one's dead,468,Deuteronomy,Re'eh,14,1,N,God,Both,Y,Y,Y,Y,Y,Y,Y,Y,Y,Y,,,Y,,,,,,,
69,Not to dwell in the land of Egypt,500,Deuteronomy,Shoftim,17,16,N,God,Both,Y,Y,Y,Y,Y,Y,Y,Y,Y,Y,,,Y,,,,,,,
70,"That if a person chances upon a bird's nest before him, he is not to take the mother-bird with the young",544,Deuteronomy,Ki Tetzei,22,6,N,God,Both,Y,Y,Y,Y,Y,Y,Y,Y,Y,Y,,,Y,,,,,,,
71,Of Sending Away From The Nest,545,Deuteronomy,Ki Tetzei,22,7,P,God,Both,Y,Y,Y,Y,Y,Y,Y,Y,Y,Y,,,Y,,,,,,,
72,To wear no garment of wool and linen,551,Deuteronomy,Ki Tetzei,22,11,N,God,Both,Y,Y,Y,Y,Y,Y,Y,Y,Y,Y,,,Y,,,,,,,
73,To Write A Torah Scroll ,613,Deuteronomy,Vayelech,31,19,P,God,Both,Y,Y,Y,Y,Y,Y,Y,Y,Y,Y,,,Y,,,,,,,
74,"To light candles (at least two) every Friday before sunset, in honor of the Sabbath [Rabbinic]",704,,,,,P,God,Both,Y,Y,Y,Y,Y,Y,Y,Y,Y,Y,,,Y,,,,,,,
75,To wash hands before eating bread [Rabbinic],705,,,,,P,God,Both,Y,Y,Y,Y,Y,Y,Y,Y,Y,Y,,,Y,,,,,,,
76,To recite a blessing before deriving any pleasure from this world [Rabbinic],706,,,,,P,God,Both,Y,Y,Y,Y,Y,Y,Y,Y,Y,Y,,,Y,,,,,,,
77,To set up an Eiruv [Rabbinic],707,,,,,P,God,Both,Y,Y,Y,Y,Y,Y,Y,Y,Y,Y,,,Y,,,,,,,
78,To Lend Money To The Poor Of Jewry,66,Exodus,Mishpatim,22,24,P,Man,Both,Y,Y,Y,Y,Y,Y,Y,Y,Y,Y,,,,Y,,,,,,
79,Not to demand a borrower pay his debt when he cannot,67,Exodus,Mishpatim,22,24,N,Man,Both,Y,Y,Y,Y,Y,Y,Y,Y,N,Y,,,,Y,,,,,,
80,To have no part in lending at interest,68,Exodus,Mishpatim,22,24,N,Man,Both,Y,Y,Y,Y,Y,Y,Y,Y,Y,Y,,,,Y,,,,,,
81,Not to deny falsely anything of value owed,225,Leviticus,Kedoshim,19,11,N,Man,Both,Y,Y,Y,Y,Y,Y,Y,Y,Y,Y,,,,Y,,,,,,
82,Not to swear falsely over the denial of a monetary matter,226,Leviticus,Kedoshim,19,11,N,Man,Both,Y,Y,Y,Y,Y,Y,Y,Y,Y,Y,,,,Y,,,,,,
83,To Render Judgement On Business Matters,336,Leviticus,Behar,25,14,P,Man,Both,Y,Y,Y,Y,Y,Y,Y,Y,Y,Y,,,,Y,,,,,,
84,"To lend nothing (money, food or anyting else) to Jewry at interest",343,Leviticus,Behar,25,37,N,Man,Both,Y,Y,Y,Y,Y,Y,Y,Y,N,Y,,,,Y,,,,,,
85,To have no benefit from any decoration of an idol,428,Deuteronomy,Ekev,7,25,N,Man,Both,Y,Y,Y,Y,Y,Y,Y,Y,Y,Y,,,,Y,,,,,,
86,Not to demand payment  of a loan over which sh'mittah passed,475,Deuteronomy,Re'eh,15,2,N,Man,Both,Y,Y,Y,Y,Y,Y,Y,Y,N,Y,,,,Y,,,,,,
87,To exact payment of a loan from a Gentile,476,Deuteronomy,Re'eh,15,3,P,Man,Both,Y,Y,Y,Y,Y,Y,Y,Y,N,Y,,,,Y,,,,,,
88,To Cancel A Loan In The Shmittah Year,477,Deuteronomy,Re'eh,15,3,P,Man,Both,Y,Y,Y,Y,Y,Y,Y,Y,N,Y,,,,Y,,,,,,
89,"Not to refrain from lending to Jewry during sh'mittah, for fear of the loan being cancelled",480,Deuteronomy,Re'eh,15,9,N,Man,Both,Y,Y,Y,Y,Y,Y,Y,Y,N,Y,,,,Y,,,,,,
90,Not to borrow at interest from a member of Jewry,572,Deuteronomy,Ki Tetzei,23,20,N,Man,Both,Y,Y,Y,Y,Y,Y,Y,Y,Y,Y,,,,Y,,,,,,
91,To lend money to a non-Jew with interest,573,Deuteronomy,Ki Tetzei,23,21,P,Man,Both,Y,Y,Y,Y,Y,Y,Y,Y,N,Y,,,,Y,,,,,,
92,To Allow A Laborer To Eat At What He Is Working On In The Field,576,Deuteronomy,Ki Tetzei,23,25,P,Man,Both,Y,Y,Y,Y,Y,Y,Y,N,Y,Y,,,,Y,,,,,,
93,"That a laborer is not to take away in is hand any of the produce with which he has worked, nor take more than what he eats and give to others",577,Deuteronomy,Ki Tetzei,23,25,N,Man,Both,Y,Y,Y,Y,Y,Y,Y,N,Y,Y,,,,Y,,,,,,
94,"For a laborer not to eat during work on produce that grows from the ground, but only at the end of the work",578,Deuteronomy,Ki Tetzei,23,26,N,Man,Both,Y,Y,Y,Y,Y,Y,Y,N,Y,Y,,,,Y,,,,,,
95,Not to take in pledge any utensils with which sustaining food is made,583,Deuteronomy,Ki Tetzei,24,6,N,Man,Both,Y,Y,Y,Y,Y,Y,Y,Y,N,Y,,,,Y,,,,,,
96,Not to take an object in pledge by force from a debtor,585,Deuteronomy,Ki Tetzei,24,10,N,Man,Both,Y,Y,Y,Y,Y,Y,Y,Y,N,Y,,,,Y,,,,,,
97,Not to withold from its owner a pledged object when needed,586,Deuteronomy,Ki Tetzei,24,12,N,Man,Both,Y,Y,Y,Y,Y,Y,Y,Y,N,Y,,,,Y,,,,,,
98,To Give A Pledged Object Back When Needed,587,Deuteronomy,Ki Tetzei,24,13,P,Man,Both,Y,Y,Y,Y,Y,Y,Y,Y,N,Y,,,,Y,,,,,,
99,To Pay Wages On The Same Day,588,Deuteronomy,Ki Tetzei,24,15,P,Man,Both,Y,Y,Y,Y,Y,Y,Y,N,Y,Y,,,,Y,,,,,,
100,Not to take in pledge the garment of a widow,591,Deuteronomy,Ki Tetzei,24,17,N,Man,Both,Y,Y,Y,Y,Y,Y,Y,Y,N,Y,,,,Y,,,,,,
101,Not to swear in vain,30,Exodus,Yitro,20,7,N,God,Both,Y,Y,Y,Y,Y,Y,Y,Y,Y,Y,,,,,Y,,,,,
102,"To Declare The Sabbath Holy, With Words",31,Exodus,Yitro,20,8,P,God,Both,Y,Y,Y,Y,Y,Y,Y,Y,Y,Y,,,,,Y,,,,,
103,To give no false testimony,37,Exodus,Yitro,20,13,N,Man,Male,Y,Y,Y,Y,Y,Y,Y,Y,Y,Y,,,,,Y,,,,,
104,Not to oppress a righteous proselyte with words,63,Exodus,Mishpatim,22,20,N,Man,Both,Y,Y,Y,Y,Y,Y,Y,Y,Y,Y,,,,,Y,,,,,
105,Not to curse a judge,69,Exodus,Mishpatim,22,27,N,Man,Both,Y,Y,Y,Y,Y,Y,Y,Y,Y,Y,,,,,Y,,,,,
106,Not to curse Hashem [also Noachide],70,Exodus,Mishpatim,22,27,N,God,Both,Y,Y,Y,Y,Y,Y,Y,Y,Y,Y,,,,,Y,,,,,
107,To testify to a Beit Din all we know of a case,122,Leviticus,Vayikra,5,1,P,God,Both,Y,Y,Y,Y,Y,Y,Y,Y,Y,Y,,,,,Y,,,,,
108,Not to swear an oath of expression over a falsehood,227,Leviticus,Kedoshim,19,12,N,Man,Both,Y,Y,Y,Y,Y,Y,Y,Y,Y,Y,,,,,Y,,,,,
109,To curse no decent person in Jewry,231,Leviticus,Kedoshim,19,14,N,Man,Both,Y,Y,Y,Y,Y,Y,Y,Y,Y,Y,,,,,Y,,,,,
110,Not to tell anyone things that another person said against him,236,Leviticus,Kedoshim,19,16,N,Man,Both,Y,Y,Y,Y,Y,Y,Y,Y,Y,Y,,,,,Y,,,,,
111,To Upbraid A Sinner,239,Leviticus,Kedoshim,19,17,P,Man,Both,Y,Y,Y,Y,Y,Y,Y,Y,Y,Y,,,,,Y,,,,,
112,Not to curse one's father or mother,260,Leviticus,Kedoshim,20,9,N,Man,Both,Y,Y,Y,Y,Y,Y,Y,Y,Y,Y,,,,,Y,,,,,
113,Not to oppress one's fellow-man with words,338,Leviticus,Behar,25,17,N,Man,Both,Y,Y,Y,Y,Y,Y,Y,Y,Y,Y,,,,,Y,,,,,
114,That A Sinner Should Turn Back From Sin And Confess His Misdeeds Before God,364,Numbers,Naso,5,7,P,God,Both,Y,Y,Y,Y,Y,Y,Y,Y,Y,Y,,,,,Y,,,,,
115,Not to fail to keep a vow,407,Numbers,Matot,30,3,N,Man,Both,Y,Y,Y,Y,Y,Y,Y,Y,Y,Y,,,,,Y,,,,,
116,To Learn Torah And To Teach It,419,Deuteronomy,Vaetchanan,6,7,P,Man,Both,Y,Y,Y,Y,Y,Y,Y,Y,Y,Y,,,,,Y,,,,,
117,To Recite The Sh'ma Morning And Evening,420,Deuteronomy,Vaetchanan,6,7,P,God,Male,Y,Y,Y,Y,Y,Y,Y,Y,Y,Y,,,,,Y,,,,,
118,To Say Blessing Of The Grace After Meals,430,Deuteronomy,Ekev,8,10,P,God,Both,Y,Y,Y,Y,Y,Y,Y,Y,Y,Y,,,,,Y,,,,,
119,To Pray Every Day To God,433,Deuteronomy,Ekev,10,20,P,God,Both,Y,Y,Y,Y,Y,Y,Y,Y,Y,Y,,,,,Y,,,,,
120,Not to prophesy falsehood in the name of Hashem,517,Deuteronomy,Shoftim,18,20,N,God,Both,Y,Y,Y,Y,Y,Y,Y,Y,Y,Y,,,,,Y,,,,,
121,Not to delay one's vowed or voluntary offering,574,Deuteronomy,Ki Tetzei,23,22,N,God,Both,Y,Y,Y,Y,Y,Y,Y,Y,Y,Y,,,,,Y,,,,,
122,To Fulfill The Words That Come From One's Lips,575,Deuteronomy,Ki Tetzei,23,24,P,Man,Both,Y,Y,Y,Y,Y,Y,Y,Y,Y,Y,,,,,Y,,,,,
123,To Remember The Action That Amalek Took Against Us,603,Deuteronomy,Ki Tetzei,25,17,P,God,Both,Y,Y,Y,Y,Y,Y,Y,Y,Y,Y,,,,,Y,,,,,
124,To Clear Away Hametz On The 14th Of Nissan,9,Exodus,Bo,12,15,P,God,Both,Y,Y,Y,Y,Y,Y,Y,Y,Y,Y,,,,,,Y,,,,
125,To Eat Matzah On The First Night Of Passover,10,Exodus,Bo,12,18,P,God,Both,Y,Y,Y,Y,Y,Y,Y,Y,Y,Y,,,,,,Y,,,,
126,Hametz not to be in possession on Pesach,11,Exodus,Bo,12,19,N,God,Both,Y,Y,Y,Y,Y,Y,Y,Y,Y,Y,,,,,,Y,,,,
127,Not to eat a mixture with Hametz on Pesach,12,Exodus,Bo,12,20,N,God,Both,Y,Y,Y,Y,Y,Y,Y,Y,Y,Y,,,,,,Y,,,,
128,Not to eat Hametz on Pesach,19,Exodus,Bo,13,3,N,God,Both,Y,Y,Y,Y,Y,Y,Y,Y,Y,Y,,,,,,Y,,,,
129,Hametz not to be seen on Pesach,20,Exodus,Bo,13,7,N,God,Both,Y,Y,Y,Y,Y,Y,Y,Y,Y,Y,,,,,,Y,,,,
130,To Tell About The Exodus On The Night Of The 15th Of Nissan,21,Exodus,Bo,13,8,P,Man,Both,Y,Y,Y,Y,Y,Y,Y,Y,Y,Y,,,,,,Y,,,,
131,To Rest From Work On The First Day Of Passover,297,Leviticus,Emor,23,7,P,God,Both,Y,Y,Y,Y,Y,Y,Y,Y,Y,Y,,,,,,Y,,,,
132,To do no work on the first day of Passover,298,Leviticus,Emor,23,7,N,God,Both,Y,Y,Y,Y,Y,Y,Y,Y,Y,Y,,,,,,Y,,,,
133,To Rest From Work On The Seventh Day Of Passover,300,Leviticus,Emor,23,8,P,God,Both,Y,Y,Y,Y,Y,Y,Y,Y,Y,Y,,,,,,Y,,,,
134,To do no work on the seventh day of Passover,301,Leviticus,Emor,23,8,N,God,Both,Y,Y,Y,Y,Y,Y,Y,Y,Y,Y,,,,,,Y,,,,
135,To Count 7 Whole Weeks From The Day The Omer Was Brought,306,Leviticus,Emor,23,15,P,God,Both,Y,Y,Y,Y,Y,Y,Y,Y,Y,Y,,,,,,Y,,,,
136,To Rest From Work On The Festival Of Shavuoth,308,Leviticus,Emor,23,21,P,God,Both,Y,Y,Y,Y,Y,Y,Y,Y,Y,Y,,,,,,Y,,,,
137,To do no work on the festival of Shavu'oth,309,Leviticus,Emor,23,21,N,God,Both,Y,Y,Y,Y,Y,Y,Y,Y,Y,Y,,,,,,Y,,,,
138,To Rest From Work On The First Day Of Tishrei (Rosh haShanah),310,Leviticus,Emor,23,24,P,God,Both,Y,Y,Y,Y,Y,Y,Y,Y,Y,Y,,,,,,Y,,,,
139,To do no work on Rosh Hashanah,311,Leviticus,Emor,23,25,N,God,Both,Y,Y,Y,Y,Y,Y,Y,Y,Y,Y,,,,,,Y,,,,
140,To Fast On Yom Kippur,313,Leviticus,Emor,23,27,P,God,Both,Y,Y,Y,Y,Y,Y,Y,Y,Y,Y,,,,,,Y,,,,
141,To do no work on Yom Kippur,315,Leviticus,Emor,23,28,N,God,Both,Y,Y,Y,Y,Y,Y,Y,Y,Y,Y,,,,,,Y,,,,
142,To eat and drink nothing on Yom Kippur,316,Leviticus,Emor,23,29,N,God,Both,Y,Y,Y,Y,Y,Y,Y,Y,Y,Y,,,,,,Y,,,,
143,To Rest From Work On Yom Kippur,317,Leviticus,Emor,23,32,P,God,Both,Y,Y,Y,Y,Y,Y,Y,Y,Y,Y,,,,,,Y,,,,
144,To Rest From Work On The First Day of Sukkoth,318,Leviticus,Emor,23,35,P,God,Both,Y,Y,Y,Y,Y,Y,Y,Y,Y,Y,,,,,,Y,,,,
145,To do no work on the first day of Sukkoth,319,Leviticus,Emor,23,35,N,God,Both,Y,Y,Y,Y,Y,Y,Y,Y,Y,Y,,,,,,Y,,,,
146,To Rest From Work On The Day Of Shemini Atzereth,321,Leviticus,Emor,23,36,P,God,Both,Y,Y,Y,Y,Y,Y,Y,Y,Y,Y,,,,,,Y,,,,
147,To do no work on Shmini Atzereth,323,Leviticus,Emor,23,36,N,God,Both,Y,Y,Y,Y,Y,Y,Y,Y,Y,Y,,,,,,Y,,,,
148,To Take Up The Four Species On The Festival Of Sukkoth,324,Leviticus,Emor,23,40,P,God,Male,Y,Y,Y,Y,Y,Y,Y,Y,Y,Y,,,,,,Y,,,,
149,To Dwell In A Sukkah All Seven Days Of The Festival,325,Leviticus,Emor,23,42,P,God,Male,Y,Y,Y,Y,Y,Y,Y,Y,Y,Y,,,,,,Y,,,,
150,To Hear The Sound Of The Shofar On Rosh haShanah,405,Numbers,Pinchas,29,1,P,God,Both,Y,Y,Y,Y,Y,Y,Y,Y,Y,Y,,,,,,Y,,,,
151,"To eat no hametz on the day before Passover, after noon",485,Deuteronomy,Re'eh,16,3,N,God,Both,Y,Y,Y,Y,Y,Y,Y,Y,Y,Y,,,,,,Y,,,,
152,To Be Happy On The Festivals,488,Deuteronomy,Re'eh,16,14,P,God,Both,Y,Y,Y,Y,Y,Y,Y,Y,Y,Y,,,,,,Y,,,,
153,To recite Hallel on those days of the year the Sages prescribed [Rabbinic],701,,,,,P,God,Both,Y,Y,Y,Y,Y,Y,Y,Y,Y,Y,,,,,,Y,,,,
154,"To read aloud, publicly, Megilat Esther on the fourteenth day of Adar [Rabbinic]",702,,,,,P,God,Both,Y,Y,Y,Y,Y,Y,Y,Y,Y,Y,,,,,,Y,,,,
155,To light candles on the eight nights of Chanukah [Rabbinic],703,,,,,P,God,Both,Y,Y,Y,Y,Y,Y,Y,Y,Y,Y,,,,,,Y,,,,
156,Not to eat the sinew of the thigh-vein,3,Genesis,Vayishlach,32,33,N,God,Both,Y,Y,N,Y,Y,Y,Y,Y,Y,Y,,,,,,,Y,,,
157,To eat no t'refah,73,Exodus,Mishpatim,22,30,N,God,Both,Y,Y,N,Y,Y,Y,Y,Y,Y,Y,,,,,,,Y,,,
158,To cook no meat in milk,92,Exodus,Mishpatim,23,19,N,God,Both,Y,Y,Y,Y,Y,Y,Y,Y,Y,Y,,,,,,,Y,,,
159,To eat no meat that was cooked with milk,113,Exodus,Ki Tisah,34,26,N,God,Both,Y,Y,N,Y,Y,Y,Y,Y,Y,Y,,,,,,,Y,,,
160,To eat no forbidden fat,147,Leviticus,Tzav,7,23,N,God,Both,Y,Y,N,Y,Y,Y,Y,Y,Y,Y,,,,,,,Y,,,
161,To eat no blood at all,148,Leviticus,Tzav,7,26,N,God,Both,Y,Y,N,Y,Y,Y,Y,Y,Y,Y,,,,,,,Y,,,
162,To determine whether an animal is kosher for eating,153,Leviticus,Shemini,11,2,P,God,Both,Y,Y,N,Y,Y,Y,Y,Y,Y,Y,,,,,,,Y,,,
163,To eat no meat from non-kosher domestic or untamed animals,154,Leviticus,Shemini,11,4,N,God,Both,Y,Y,N,Y,Y,Y,Y,Y,Y,Y,,,,,,,Y,,,
164,To determine whether a fish is kosher for eating,155,Leviticus,Shemini,11,9,P,God,Both,Y,Y,N,Y,Y,Y,Y,Y,Y,Y,,,,,,,Y,,,
165,Not to eat non-kosher fish,156,Leviticus,Shemini,11,11,N,God,Both,Y,Y,N,Y,Y,Y,Y,Y,Y,Y,,,,,,,Y,,,
166,Not to eat non-kosher fowl,157,Leviticus,Shemini,11,13,N,God,Both,Y,Y,N,Y,Y,Y,Y,Y,Y,Y,,,,,,,Y,,,
167,To determine wether a locust is kosher for eating,158,Leviticus,Shemini,11,21,P,God,Both,Y,Y,N,Y,Y,Y,Y,Y,Y,Y,,,,,,,Y,,,
168,To eat no swarming creature of the ground,162,Leviticus,Shemini,11,41,N,God,Both,Y,Y,N,Y,Y,Y,Y,Y,Y,Y,,,,,,,Y,,,
169,To eat no worms of fruits or seeds,163,Leviticus,Shemini,11,42,N,God,Both,Y,Y,Y,Y,Y,Y,Y,Y,Y,Y,,,,,,,Y,,,
170,To eat no swarming creature of the water,164,Leviticus,Shemini,11,43,N,God,Both,Y,Y,Y,Y,Y,Y,Y,Y,Y,Y,,,,,,,Y,,,
171,To eat no remmess (creeping thing),165,Leviticus,Shemini,11,43,N,God,Both,Y,Y,Y,Y,Y,Y,Y,Y,Y,Y,,,,,,,Y,,,
172,To Cover The Blood Of The Shechitah,187,Leviticus,Acharei Mot,17,13,P,God,Both,Y,Y,Y,Y,Y,Y,Y,Y,Y,Y,,,,,,,Y,,,
173,To eat no fruit of a tree in the first three years since its planting,246,Leviticus,Kedoshim,19,23,N,God,Both,Y,Y,Y,Y,Y,Y,Y,Y,Y,Y,,,,,,,Y,,,
174,Not to overindulge in eating and drinking in the manner of drunkards or gluttons,248,Leviticus,Kedoshim,19,26,N,God,Both,Y,Y,Y,Y,Y,Y,Y,Y,Y,Y,,,,,,,Y,,,
175,To eat no bread from the new crop of grain before the Omer offering,303,Leviticus,Emor,23,14,N,God,Both,Y,Y,Y,Y,Y,Y,Y,Y,Y,Y,,,,,,,Y,,,
176,To eat no kali (roasted five grains) from new grain before the Omer offering,304,Leviticus,Emor,23,14,N,God,Both,Y,Y,Y,Y,Y,Y,Y,Y,Y,Y,,,,,,,Y,,,
177,To eat no karmel (hand-crushed) from new grain before the Omer offering,305,Leviticus,Emor,23,14,N,God,Both,Y,Y,Y,Y,Y,Y,Y,Y,Y,Y,,,,,,,Y,,,
178,To Ritually Slaughter An Animal If Wishes To Eat,451,Deuteronomy,Re'eh,12,21,P,God,Both,Y,Y,N,Y,Y,Y,Y,Y,Y,Y,,,,,,,Y,,,
179,To eat no limb or part of a living creature [also Noachide],452,Deuteronomy,Re'eh,12,23,N,God,Both,Y,Y,N,Y,Y,Y,Y,Y,Y,Y,,,,,,,Y,,,
180,It is forbidden to eat of holy sacrifices that became disqualified,469,Deuteronomy,Re'eh,14,3,N,God,Both,Y,Y,N,Y,Y,Y,Y,Y,Y,Y,,,,,,,Y,,,
181,To determine whether a bird is kosher for eating,470,Deuteronomy,Re'eh,14,11,P,God,Both,Y,Y,N,Y,Y,Y,Y,Y,Y,Y,,,,,,,Y,,,
182,To eat no winged swarming creature,471,Deuteronomy,Re'eh,14,19,N,God,Both,Y,Y,N,Y,Y,Y,Y,Y,Y,Y,,,,,,,Y,,,
183,To eat no n'velah,472,Deuteronomy,Re'eh,14,21,N,God,Both,Y,Y,N,Y,Y,Y,Y,Y,Y,Y,,,,,,,Y,,,
184,Not to destroy any fruit-bearing tree in setting siege,529,Deuteronomy,Shoftim,20,19,N,God,Both,Y,Y,Y,Y,Y,Y,Y,Y,Y,Y,,,,,,,Y,,,
185,Not to eat or benefit from produce of mixed seeds in a vineyard,549,Deuteronomy,Ki Tetzei,22,9,N,God,Both,Y,Y,Y,Y,Y,Y,Y,Y,Y,Y,,,,,,,Y,,,
186,To kill no living human being [also Noachide],34,Exodus,Yitro,20,13,N,Man,Both,Y,Y,Y,Y,Y,Y,Y,Y,Y,Y,,,,,,,,Y,,
187,To kidnap no living person in Jewry,36,Exodus,Yitro,20,13,N,Man,Both,Y,Y,Y,Y,Y,Y,Y,Y,Y,Y,,,,,,,,Y,,
188,Not to strike one's father or mother,48,Exodus,Yitro,21,15,N,Man,Both,Y,Y,Y,Y,Y,Y,Y,Y,Y,Y,,,,,,,,Y,,
189,Not to wrong a righteous proselyte in matters of monetary value,64,Exodus,Mishpatim,22,20,N,Man,Both,Y,Y,Y,Y,Y,Y,Y,Y,Y,Y,,,,,,,,Y,,
190,Not to inflict suffering on any widow or orphan,65,Exodus,Mishpatim,22,21,N,Man,Both,Y,Y,Y,Y,Y,Y,Y,Y,Y,Y,,,,,,,,Y,,
191,To steal no object or item whatever of monetary value [also Noachide],224,Leviticus,Kedoshim,19,11,N,Man,Both,Y,Y,Y,Y,Y,Y,Y,Y,Y,Y,,,,,,,,Y,,
192,Not to wrongfully retain anything belonging to others [also Noachide],228,Leviticus,Kedoshim,19,13,N,Man,Both,Y,Y,Y,Y,Y,Y,Y,Y,Y,Y,,,,,,,,Y,,
193,Not to take anything in robbery by force,229,Leviticus,Kedoshim,19,13,N,Man,Both,Y,Y,Y,Y,Y,Y,Y,Y,Y,Y,,,,,,,,Y,,
194,Not to delay the payment of a hired man's wages,230,Leviticus,Kedoshim,19,13,N,Man,Both,Y,Y,Y,Y,Y,Y,Y,Y,Y,Y,,,,,,,,Y,,
195,To do no wrong with any measures or weights,258,Leviticus,Kedoshim,19,35,N,Man,Both,Y,Y,Y,Y,Y,Y,Y,Y,Y,Y,,,,,,,,Y,,
196,One's scales and measures should be correct,259,Leviticus,Kedoshim,19,36,P,Man,Both,Y,Y,Y,Y,Y,Y,Y,Y,Y,Y,,,,,,,,Y,,
197,Not to cheat one another in buying and selling,337,Leviticus,Behar,25,14,N,Man,Both,Y,Y,Y,Y,Y,Y,Y,Y,Y,Y,,,,,,,,Y,,
198,Not to execute a guilty person who deserves death before he stands trial,409,Numbers,Masai,35,12,N,Man,Both,Y,Y,Y,Y,Y,Y,Y,Y,Y,Y,,,,,,,,Y,,
199,"Not to encroach beyond a neighbor's boundary, specifically in the Land of Israel",522,Deuteronomy,Shoftim,19,14,N,Man,Both,Y,Y,Y,Y,Y,Y,Y,Y,Y,Y,,,,,,,,Y,,
200,To strike no person whatever in Jewry,595,Deuteronomy,Ki Tetzei,25,3,N,Man,Both,Y,Y,Y,Y,Y,Y,Y,Y,Y,Y,,,,,,,,Y,,
201,"To rescue a person pursued by a killer, even by killing the pursuer",600,Deuteronomy,Ki Tetzei,25,12,P,Man,Both,Y,Y,Y,Y,Y,Y,Y,Y,Y,Y,,,,,,,,Y,,
202,"Not to have mercy on a pursuer who has intent to kill, but to prevent a murder, even if it means killing the potential murderer",601,Deuteronomy,Ki Tetzei,25,12,N,Man,Both,Y,Y,Y,Y,Y,Y,Y,Y,Y,Y,,,,,,,,Y,,
203,Not to retain in one's possession any defective measure or weight,602,Deuteronomy,Ki Tetzei,25,14,N,Man,Both,Y,Y,Y,Y,Y,Y,Y,Y,Y,Y,,,,,,,,Y,,
204,Not to be conjugally intimate with a married woman [also Noachide],35,Exodus,Yitro,20,13,N,Man,Male,Y,Y,Y,Y,Y,Y,Y,Y,Y,Y,,,,,,,,,Y,
205,"Not to be in close contact with consanguineous relations, even without conjugal intimacy",188,Leviticus,Acharei Mot,18,6,N,Man,Both,Y,Y,Y,Y,Y,Y,Y,Y,Y,Y,,,,,,,,,Y,
206,Not to uncover the nakedness of one's father in homosexual intimacy,189,Leviticus,Acharei Mot,18,7,N,Man,Male,Y,Y,Y,Y,Y,Y,Y,Y,Y,Y,,,,,,,,,Y,
207,Not to be conjugally intimate with one's mother,190,Leviticus,Acharei Mot,18,7,N,Man,Male,Y,Y,Y,Y,Y,Y,Y,Y,Y,Y,,,,,,,,,Y,
208,Not to be conjugally intimate with the wife of one's father,191,Leviticus,Acharei Mot,18,8,N,Man,Male,Y,Y,Y,Y,Y,Y,Y,Y,Y,Y,,,,,,,,,Y,
209,Not to be conjugally intimate with one's sister ,192,Leviticus,Acharei Mot,18,9,N,Man,Male,Y,Y,Y,Y,Y,Y,Y,Y,Y,Y,,,,,,,,,Y,
210,Not to be conjugally intimate with the daughter of one's son,193,Leviticus,Acharei Mot,18,10,N,Man,Male,Y,Y,Y,Y,Y,Y,Y,Y,Y,Y,,,,,,,,,Y,
211,Not to be conjugally intimate with the daughter of one's daughter,194,Leviticus,Acharei Mot,18,10,N,Man,Male,Y,Y,Y,Y,Y,Y,Y,Y,Y,Y,,,,,,,,,Y,
212,Not to be conjugally intimate with one's daughter,195,Leviticus,Acharei Mot,18,10,N,Man,Male,Y,Y,Y,Y,Y,Y,Y,Y,Y,Y,,,,,,,,,Y,
213,Not to be conjugally intimate with one's sister who is his father's wife's daughter,196,Leviticus,Acharei Mot,18,11,N,Man,Male,Y,Y,Y,Y,Y,Y,Y,Y,Y,Y,,,,,,,,,Y,
214,Not to be conjugally intimate with one's father's sister ,197,Leviticus,Acharei Mot,18,12,N,Man,Male,Y,Y,Y,Y,Y,Y,Y,Y,Y,Y,,,,,,,,,Y,
215,Not to be conjugally intimate with one's mother's sister ,198,Leviticus,Acharei Mot,18,13,N,Man,Male,Y,Y,Y,Y,Y,Y,Y,Y,Y,Y,,,,,,,,,Y,
216,Not to be carnally intimate with one's father's brother in homosexuality,199,Leviticus,Acharei Mot,18,14,N,Man,Male,Y,Y,Y,Y,Y,Y,Y,Y,Y,Y,,,,,,,,,Y,
217,"Not to be conjugally intimate with one's aunt, which means the wife of one's father's brother",200,Leviticus,Acharei Mot,18,14,N,Man,Male,Y,Y,Y,Y,Y,Y,Y,Y,Y,Y,,,,,,,,,Y,
218,"Not to be conjugally intimate with one's daugther-in-law, which means his son's wife",201,Leviticus,Acharei Mot,18,15,N,Man,Male,Y,Y,Y,Y,Y,Y,Y,Y,Y,Y,,,,,,,,,Y,
219,Not to be conjugally intimate with the wife of one's brother ,202,Leviticus,Acharei Mot,18,16,N,Man,Male,Y,Y,Y,Y,Y,Y,Y,Y,Y,Y,,,,,,,,,Y,
220,Not to be conjugally intimate with a woman and her daughter ,203,Leviticus,Acharei Mot,18,17,N,Man,Male,Y,Y,Y,Y,Y,Y,Y,Y,Y,Y,,,,,,,,,Y,
221,Not to be conjugally intimate with a woman and her son's daughter ,204,Leviticus,Acharei Mot,18,17,N,Man,Male,Y,Y,Y,Y,Y,Y,Y,Y,Y,Y,,,,,,,,,Y,
222,Not to be conjugally intimate with a woman and her daughter's daugher ,205,Leviticus,Acharei Mot,18,17,N,Man,Male,Y,Y,Y,Y,Y,Y,Y,Y,Y,Y,,,,,,,,,Y,
223,Not to be conjugally intimate with the sister of one's wife during his wife's lifetime,206,Leviticus,Acharei Mot,18,18,N,Man,Male,Y,Y,Y,Y,Y,Y,Y,Y,Y,Y,,,,,,,,,Y,
224,Not to be conjugally intimate with a woman ritually unclean from the menses ,207,Leviticus,Acharei Mot,18,19,N,Man,Male,Y,Y,Y,Y,Y,Y,Y,Y,Y,Y,,,,,,,,,Y,
225,To have no carnal intimacy with a male,209,Leviticus,Acharei Mot,18,22,N,Man,Male,Y,Y,Y,Y,Y,Y,Y,Y,Y,Y,,,,,,,,,Y,
226,"To have no carnal intimacy with an animal in a male, active role, or in a female, receptive role",210,Leviticus,Acharei Mot,18,23,N,Man,Male,Y,Y,Y,Y,Y,Y,Y,Y,Y,Y,,,,,,,,,Y,
227,"That a woman should not have an animal be carnally intimate with her, whether in natural or unnatural intimacy",211,Leviticus,Acharei Mot,18,23,N,Man,Female,Y,Y,Y,Y,Y,Y,Y,Y,Y,Y,,,,,,,,,Y,
228,Not to intermarry with a non-Jewish person,427,Deuteronomy,Vaetchanan,7,3,N,Man,Both,Y,Y,Y,Y,Y,Y,Y,Y,Y,Y,,,,,,,,,Y,
229,To Marry A Wife By Kiddushin,552,Deuteronomy,Ki Tetzei,22,13,P,Man,Male,Y,Y,Y,Y,Y,Y,Y,Y,Y,Y,,,,,,,,,Y,
230,One who falsely accusses his wife of adultery must keep her permanently,553,Deuteronomy,Ki Tetzei,22,19,P,Man,Male,Y,Y,Y,Y,Y,Y,Y,Y,Y,Y,,,,,,,,,Y,
231,One who falsely accusses his wife of adultery cannot divorce her,554,Deuteronomy,Ki Tetzei,22,19,N,Man,Male,Y,Y,Y,Y,Y,Y,Y,Y,Y,Y,,,,,,,,,Y,
232,That no man with crushed testes or severed membrum is to marry a daughter of Jewry,559,Deuteronomy,Ki Tetzei,23,2,N,Man,Male,Y,Y,Y,Y,Y,Y,Y,Y,Y,Y,,,,,,,,,Y,
233,That a mamzer is not to marry a daughter of Jewry,560,Deuteronomy,Ki Tetzei,23,3,N,Man,Male,Y,Y,Y,Y,Y,Y,Y,Y,Y,Y,,,,,,,,,Y,
234,Not to be conjugally intimate with a k'deshah without the marriage ceremony of consecration,570,Deuteronomy,Ki Tetzei,23,18,N,Man,Male,Y,Y,Y,Y,Y,Y,Y,Y,Y,Y,,,,,,,,,Y,
235,One who divorces his wife must give her a Bill of Divorce (Get),579,Deuteronomy,Ki Tetzei,24,3,P,Man,Male,Y,Y,Y,Y,Y,Y,Y,Y,Y,Y,,,,,,,,,Y,
236,Not to take back one's divorced wife once she has been married to another man,580,Deuteronomy,Ki Tetzei,24,4,N,Man,Male,Y,Y,Y,Y,Y,Y,Y,Y,Y,Y,,,,,,,,,Y,
237,For a bridegroom to rejoice with his wife the first year of their marriage,582,Deuteronomy,Ki Tetzei,24,5,P,Man,Male,Y,Y,Y,Y,Y,Y,Y,Y,Y,Y,,,,,,,,,Y,
238,That the wife of a dead man without children is not to marry an outsider [someone other than the man's brother],597,Deuteronomy,Ki Tetzei,25,5,N,Man,Female,Y,Y,Y,Y,Y,Y,Y,Y,Y,Y,,,,,,,,,Y,
239,To Marry The Wife Of One's Brother Who Has Died Childless,598,Deuteronomy,Ki Tetzei,25,5,P,Man,Male,Y,Y,Y,Y,Y,Y,Y,Y,Y,Y,,,,,,,,,Y,
240,To Perform Chalitzah If The Brother Doesn't Want To Do Yibum,599,Deuteronomy,Ki Tetzei,25,9,P,Man,Female,Y,Y,Y,Y,Y,Y,Y,Y,Y,Y,,,,,,,,,Y,
241,To entertain no thought that there is any other god [also Noachide],26,Exodus,Yitro,20,3,N,God,Both,Y,Y,Y,Y,Y,Y,Y,Y,Y,Y,,,,,,,,,,Y
242,To make no idol to worship [also Noachide],27,Exodus,Yitro,20,4,N,God,Both,Y,Y,Y,Y,Y,Y,Y,Y,Y,Y,,,,,,,,,,Y
243,Not to bow down and prostrate oneself to an idol [also Noachide],28,Exodus,Yitro,20,5,N,God,Both,Y,Y,Y,Y,Y,Y,Y,Y,Y,Y,,,,,,,,,,Y
244,Not to worship on idol in the accepted manner [also Noachide],29,Exodus,Yitro,20,5,N,God,Both,Y,Y,Y,Y,Y,Y,Y,Y,Y,Y,,,,,,,,,,Y
245,"To make no image of a human being, even for ornamentation [as art]",39,Exodus,Yitro,20,20,N,God,Both,Y,Y,Y,Y,Y,Y,Y,Y,Y,Y,,,,,,,,,,Y
246,Not to swear in the name of an idol,86,Exodus,Mishpatim,23,13,N,God,Both,Y,Y,Y,Y,Y,Y,Y,Y,Y,Y,,,,,,,,,,Y
247,To entice no one in Jewry to worship an idol,87,Exodus,Mishpatim,23,13,N,Man,Both,Y,Y,Y,Y,Y,Y,Y,Y,Y,Y,,,,,,,,,,Y
248,To eat or drink nothing from an offering to an idol,111,Exodus,Ki Tisah,34,12,N,Man,Both,Y,Y,Y,Y,Y,Y,Y,Y,Y,Y,,,,,,,,,,Y
249,Not to slaughter holy offerings outside the Temple,186,Leviticus,Acharei Mot,17,3,N,God,Both,Y,Y,Y,Y,Y,Y,Y,Y,Y,Y,,,,,,,,,,Y
250,Not to turn one's attention to idolatry,213,Leviticus,Kedoshim,19,4,N,God,Both,Y,Y,Y,Y,Y,Y,Y,Y,Y,Y,,,,,,,,,,Y
251,"To make no idol to worship, even for others",214,Leviticus,Kedoshim,19,4,N,God,Both,Y,Y,Y,Y,Y,Y,Y,Y,Y,Y,,,,,,,,,,Y
252,"To make no paving stone in order to bow down to the ground, even to God",349,Leviticus,Behar,26,1,N,God,Both,Y,Y,Y,Y,Y,Y,Y,Y,Y,Y,,,,,,,,,,Y
253,To have no mercy on idol-worshippers,426,Deuteronomy,Vaetchanan,7,2,N,Man,Both,Y,Y,Y,Y,Y,Y,Y,Y,Y,Y,,,,,,,,,,Y
254,To have no benefit from an idol or anything done for it,429,Deuteronomy,Ekev,7,26,N,Man,Both,Y,Y,Y,Y,Y,Y,Y,Y,Y,Y,,,,,,,,,,Y
255,To destroy objects and places used for idol worship,436,Deuteronomy,Re'eh,12,2,P,God,Both,Y,Y,Y,Y,Y,Y,Y,Y,Y,Y,,,,,,,,,,Y
256,Not to offer holy sacrifices outside of the Temple,439,Deuteronomy,Re'eh,12,13,N,God,Both,Y,Y,Y,Y,Y,Y,Y,Y,Y,Y,,,,,,,,,,Y
257,Not to pay heed to a person prophesying in the name of an idol,456,Deuteronomy,Re'eh,13,4,N,God,Both,Y,Y,Y,Y,Y,Y,Y,Y,Y,Y,,,,,,,,,,Y
258,For the enticed person to bear no affection for the enticer,457,Deuteronomy,Re'eh,13,9,N,Man,Both,Y,Y,Y,Y,Y,Y,Y,Y,Y,Y,,,,,,,,,,Y
259,For the enticed person not to relinquish his hatred for the enticer,458,Deuteronomy,Re'eh,13,9,N,Man,Both,Y,Y,Y,Y,Y,Y,Y,Y,Y,Y,,,,,,,,,,Y
260,Not to rescue the enticer of one sees him in danger of death,459,Deuteronomy,Re'eh,13,9,N,Man,Both,Y,Y,Y,Y,Y,Y,Y,Y,Y,Y,,,,,,,,,,Y
261,It is forbidden to reveal the merits or argue in favor of an enticer,460,Deuteronomy,Re'eh,13,9,N,Man,Both,Y,Y,Y,Y,Y,Y,Y,Y,Y,Y,,,,,,,,,,Y
262,It is forbidden to remain silent and refrain from speaking out against an enticer,461,Deuteronomy,Re'eh,13,9,N,Man,Both,Y,Y,Y,Y,Y,Y,Y,Y,Y,Y,,,,,,,,,,Y
263,It is forbidden to lure a fellow Jew toward idol worship,462,Deuteronomy,Re'eh,13,12,N,Man,Both,Y,Y,Y,Y,Y,Y,Y,Y,Y,Y,,,,,,,,,,Y
264,Not to gash oneself in idol worship or over one's dead,467,Deuteronomy,Re'eh,14,1,N,God,Both,Y,Y,Y,Y,Y,Y,Y,Y,Y,Y,,,,,,,,,,Y
265,To erect no pillar anywhere at all,493,Deuteronomy,Shoftim,16,22,N,God,Both,Y,Y,Y,Y,Y,Y,Y,Y,Y,Y,,,,,,,,,,Y
266,Not to prophesy in the name of an idol,518,Deuteronomy,Shoftim,18,20,N,God,Both,Y,Y,Y,Y,Y,Y,Y,Y,Y,Y,,,,,,,,,,Y
267,To practice no augury,249,Leviticus,Kedoshim,19,26,N,God,Both,Y,Y,Y,Y,Y,Y,Y,Y,Y,N,,,,,,,,,,
268,To do no conjuring or soothsaying,250,Leviticus,Kedoshim,19,26,N,God,Both,Y,Y,Y,Y,Y,Y,Y,Y,Y,N,,,,,,,,,,
269,To do no act of an ov (a kind of medium),255,Leviticus,Kedoshim,19,31,N,God,Both,Y,Y,Y,Y,Y,Y,Y,Y,Y,N,,,,,,,,,,
270,To do no act of a yid'oni (a kind of wizard),256,Leviticus,Kedoshim,19,31,N,God,Both,Y,Y,Y,Y,Y,Y,Y,Y,Y,N,,,,,,,,,,
271,To practice no divination,510,Deuteronomy,Shoftim,18,10,N,God,Both,Y,Y,Y,Y,Y,Y,Y,Y,Y,N,,,,,,,,,,
272,To practice no sorcery,511,Deuteronomy,Shoftim,18,11,N,God,Both,Y,Y,Y,Y,Y,Y,Y,Y,Y,N,,,,,,,,,,
273,To cast no charms or spells,512,Deuteronomy,Shoftim,18,11,N,God,Both,Y,Y,Y,Y,Y,Y,Y,Y,Y,N,,,,,,,,,,
274,To make no inquiry of an ov,513,Deuteronomy,Shoftim,18,11,N,God,Both,Y,Y,Y,Y,Y,Y,Y,Y,Y,N,,,,,,,,,,
275,To make no inquiry of a yid'oni,514,Deuteronomy,Shoftim,18,11,N,God,Both,Y,Y,Y,Y,Y,Y,Y,Y,Y,N,,,,,,,,,,
276,Not to inquire of the dead,515,Deuteronomy,Shoftim,18,11,N,God,Both,Y,Y,Y,Y,Y,Y,Y,Y,Y,N,,,,,,,,,,
277,That a kohen is not to become defiled by a dead person,263,Leviticus,Emor,21,1,N,Man,Male,Y,N,Y,Y,Y,Y,Y,Y,Y,Y,,,,,,,,,,
278,A Kohen Is To Defile Himself For Burial Of Close Kin,264,Leviticus,Emor,21,3,P,Man,Male,Y,N,Y,Y,Y,Y,Y,Y,Y,Y,,,,,,,,,,
279,That a kohen is not to marry a zonah,266,Leviticus,Emor,21,7,N,Man,Male,Y,N,Y,Y,Y,Y,Y,Y,Y,Y,,,,,,,,,,
280,That a kohen should not marry a profaned woman,267,Leviticus,Emor,21,7,N,Man,Male,Y,N,Y,Y,Y,Y,Y,Y,Y,Y,,,,,,,,,,
281,That a kohen is not to marry a divorced woman,268,Leviticus,Emor,21,7,N,Man,Male,Y,N,Y,Y,Y,Y,Y,Y,Y,Y,,,,,,,,,,
282,A ritually impure Kohen is forbidden to eat trumah,279,Leviticus,Emor,22,4,N,God,Male,Y,N,Y,Y,Y,Y,Y,Y,Y,Y,,,,,,,,,,
283,An uncircumcised Kohen is forbidden to eat trumah,282,,,,,N,God,Male,Y,N,Y,Y,Y,Y,Y,Y,Y,Y,,,,,,,,,,
284,A profaned daughter of a Kohen is forbidden to eat trumah,283,Leviticus,Emor,22,12,N,God,Female,Y,N,Y,Y,Y,Y,Y,Y,Y,Y,,,,,,,,,,
285,Kohanim Are To Bless The Jewish People,378,Numbers,Naso,6,23,P,Man,Male,Y,N,Y,Y,Y,Y,Y,Y,Y,Y,,,,,,,,,,
286,A Kohen is forbidden to eat of an unblemished firstborn animal outside of Jerusalem,445,Deuteronomy,Re'eh,12,17,N,God,Both,Y,N,Y,Y,Y,Y,Y,Y,Y,Y,,,,,,,,,,
287,For a judge not to hear one plaintiff when the other is not present,74,Exodus,Mishpatim,23,1,N,Man,Male,Y,Y,Y,N,Y,Y,Y,Y,Y,Y,,,,,,,,,,
288,For the court not to accept testimony of a man of sin,75,Exodus,Mishpatim,23,1,N,Man,Male,Y,Y,Y,N,Y,Y,Y,Y,Y,Y,,,,,,,,,,
289,Not to pity a poor man in a trial,79,Exodus,Mishpatim,23,8,N,Man,Male,Y,Y,Y,N,Y,Y,Y,Y,Y,Y,,,,,,,,,,
290,For a judge not to pervert justice for a sinner because of his wickedness,81,Exodus,Mishpatim,23,6,N,Man,Male,Y,Y,Y,N,Y,Y,Y,Y,Y,Y,,,,,,,,,,
291,For a judge to accept no bribe,83,Exodus,Mishpatim,23,8,N,Man,Male,Y,Y,Y,N,Y,Y,Y,Y,Y,Y,,,,,,,,,,
292,To commit no injustice in rendering judgement,233,Leviticus,Kedoshim,19,15,N,Man,Male,Y,Y,Y,N,Y,Y,Y,Y,Y,Y,,,,,,,,,,
293,To show no honor to an eminent man in a court judgement,234,Leviticus,Kedoshim,19,15,N,Man,Male,Y,Y,Y,N,Y,Y,Y,Y,Y,Y,,,,,,,,,,
294,To render judgement with righteousness,235,Leviticus,Kedoshim,19,15,P,Man,Male,Y,Y,Y,N,Y,Y,Y,Y,Y,Y,,,,,,,,,,
295,That the judge should have no fear of a party to a lawsuit,415,Deuteronomy,Devarim,1,17,N,Man,Male,Y,Y,Y,N,Y,Y,Y,Y,Y,Y,,,,,,,,,,
296,To establish nothing as certain by the word of one witness,523,Deuteronomy,Shoftim,19,15,N,Man,Male,Y,Y,Y,N,Y,Y,Y,Y,Y,Y,,,,,,,,,,
297,For the court not to accept testimony of a close relative,589,Deuteronomy,Ki Tetzei,24,16,N,Man,Male,Y,Y,Y,N,Y,Y,Y,Y,Y,Y,,,,,,,,,,
298,For a judge not to pervert justice for a proselyte or an orphan,590,Deuteronomy,Ki Tetzei,24,17,N,Man,Male,Y,Y,Y,N,Y,Y,Y,Y,Y,Y,,,,,,,,,,
299,To Redeem A Firstborn Male Donkey For A Lamb,22,Exodus,Bo,13,13,P,God,Both,N,Y,Y,Y,N,Y,Y,Y,Y,Y,,,,,,,,,,
300,To Break The Neck Of Firstborn Male Donkey If Not Redeemed,23,Exodus,Bo,13,13,P,God,Both,N,Y,Y,Y,N,Y,Y,Y,Y,Y,,,,,,,,,,
301,To Assist In Unloading A Domestic Animal,80,Exodus,Mishpatim,23,5,P,Man,Both,Y,Y,Y,Y,N,Y,Y,Y,Y,Y,,,,,,,,,,
302,To leave ownerless everything the land produces in the seventh year,84,Exodus,Mishpatim,23,11,P,God,Both,N,Y,Y,Y,N,Y,Y,Y,Y,Y,,,,,,,,,,
303,To surcease from work on the soil and work on trees in the seventh year,112,Exodus,Ki Tisah,34,21,P,God,Both,N,Y,Y,Y,N,Y,Y,Y,Y,Y,,,,,,,,,,
304,"That one should not reap the whole field, entirely, but should leave a small part for the poor",216,Leviticus,Kedoshim,19,9,N,Man,Both,N,Y,Y,Y,N,Y,Y,Y,Y,Y,,,,,,,,,,
305,To leave an unreaped part of the crops of grain and trees,217,Leviticus,Kedoshim,19,10,P,Man,Both,N,Y,Y,Y,N,Y,Y,Y,Y,Y,,,,,,,,,,
306,"That when a person reaps [grain] and makes bundles, he is not to gather ears that fall away, but is to leave them for the poor",218,Leviticus,Kedoshim,19,9,N,Man,Both,N,Y,Y,Y,N,Y,Y,Y,Y,Y,,,,,,,,,,
307,To leave over the gleanings [single ears or fruits that fall aside during the harvest],219,Leviticus,Kedoshim,19,10,P,Man,Both,N,Y,Y,Y,N,Y,Y,Y,Y,Y,,,,,,,,,,
308,"That one should not gather the ol'loth of a vineyard, but should leave them for the poor",220,Leviticus,Kedoshim,19,10,N,Man,Both,N,Y,Y,Y,N,Y,Y,Y,Y,Y,,,,,,,,,,
309,To leave over ol'loth [small bunches of scattered grapes which do not overhang one another from the trunk and have no arm connecting the stalk to the trunk],221,Leviticus,Kedoshim,19,10,P,Man,Both,N,Y,Y,Y,N,Y,Y,Y,Y,Y,,,,,,,,,,
310,That one should not gather what has become singly seperated from the grapes during the vintage (the grape gathering),222,Leviticus,Kedoshim,19,10,N,Man,Both,N,Y,Y,Y,N,Y,Y,Y,Y,Y,,,,,,,,,,
311,"To leave over peret, single fallen grapes in a vineyard",223,Leviticus,Kedoshim,19,10,P,Man,Both,N,Y,Y,Y,N,Y,Y,Y,Y,Y,,,,,,,,,,
312,Not to mate a beast or a bird with a creature not of its own species,244,Leviticus,Kedoshim,19,19,N,God,Both,Y,Y,Y,Y,N,Y,Y,Y,Y,Y,,,,,,,,,,
313,Not to sow two kinds of seeds in a field,245,Leviticus,Kedoshim,19,19,N,God,Both,N,Y,Y,Y,N,Y,Y,Y,Y,Y,,,,,,,,,,
314,That the fourth year's yield of a planted tree is to be entirely holy,247,Leviticus,Kedoshim,19,24,P,God,Both,N,Y,Y,Y,N,Y,Y,Y,Y,Y,,,,,,,,,,
315,Not to slay ritualy both a pure [kosher] animal and its young in one day,294,Leviticus,Emor,22,28,N,God,Both,Y,Y,Y,Y,N,Y,Y,Y,Y,Y,,,,,,,,,,
316,"Not to work the land in the seventh year, the year of sh'mittah",326,Leviticus,Behar,25,4,N,God,Both,N,Y,Y,Y,N,Y,Y,Y,Y,Y,,,,,,,,,,
317,"To do no work for tending trees in a seventh, sh'mittah year",327,Leviticus,Behar,25,4,N,God,Both,N,Y,Y,Y,N,Y,Y,Y,Y,Y,,,,,,,,,,
318,"Not to harvest what the land growns by itself in the seventh year, in the way that it is harvested every year",328,Leviticus,Behar,25,5,N,God,Both,N,Y,Y,Y,N,Y,Y,Y,Y,Y,,,,,,,,,,
319,"Not to gather the fruit produced by a tree in the seventh year, in the way that it is gathered every year",329,Leviticus,Behar,25,5,N,God,Both,N,Y,Y,Y,N,Y,Y,Y,Y,Y,,,,,,,,,,
320,Not to redeem the firstling of a pure [kosher] animal,393,Numbers,Korach,18,17,N,God,Both,N,Y,Y,Y,N,Y,Y,Y,Y,Y,,,,,,,,,,
321,Not to do any work with animals consecrated for offerings,483,Deuteronomy,Re'eh,15,19,N,God,Both,N,Y,Y,Y,N,Y,Y,Y,Y,Y,,,,,,,,,,
322,Not to shear animals consecrated for offerings,484,Deuteronomy,Re'eh,16,3,N,God,Both,N,Y,Y,Y,N,Y,Y,Y,Y,Y,,,,,,,,,,
323,"To Give The Kohen The Foreleg, Cheeks & Maw of Animals",506,Deuteronomy,Shoftim,18,3,P,Man,Both,N,Y,Y,Y,N,Y,Y,Y,Y,Y,,,,,,,,,,
324,To Give The Kohen The First Wool,508,Deuteronomy,Shoftim,18,4,P,Man,Both,N,Y,Y,Y,N,Y,Y,Y,Y,Y,,,,,,,,,,
325,To Assist In Loading A Domestic Animal,541,Deuteronomy,Ki Tetzei,22,4,P,Man,Both,Y,Y,Y,Y,N,Y,Y,Y,Y,Y,,,,,,,,,,
326,Not to mix seeds of grain or vegetables in a vineyard,548,Deuteronomy,Ki Tetzei,22,9,N,God,Both,N,Y,Y,Y,N,Y,Y,Y,Y,Y,,,,,,,,,,
327,Not to plow with an ox and a donkey together,550,Deuteronomy,Ki Tetzei,22,10,N,God,Both,N,Y,Y,Y,N,Y,Y,Y,Y,Y,,,,,,,,,,
328,To leave over a forgotten sheaf,592,Deuteronomy,Ki Tetzei,24,19,P,Man,Both,N,Y,Y,Y,N,Y,Y,Y,Y,Y,,,,,,,,,,
329,That when a person is making sheaves and he forgets one bundle in the field he is then not to take it but leave for the poor,593,Deuteronomy,Ki Tetzei,24,19,N,Man,Both,N,Y,Y,Y,N,Y,Y,Y,Y,Y,,,,,,,,,,
330,Not to prevent an animal from eating during its work,596,Deuteronomy,Ki Tetzei,25,4,N,God,Both,Y,Y,Y,Y,N,Y,Y,Y,Y,Y,,,,,,,,,,
331,Not to alter the order of precedence of t'rumah and the tithes but they must rather be seperated in order,72,Exodus,Mishpatim,22,28,N,God,Both,N,Y,Y,Y,Y,Y,Y,Y,Y,Y,,,,,,,,,,
332,Not to make a treaty with idol worshippers,93,Exodus,Mishpatim,23,32,N,Man,Both,N,Y,Y,Y,Y,Y,Y,Y,Y,Y,,,,,,,,,,
333,Not to settle idol-worshippers in our [holy] land,94,Exodus,Mishpatim,23,33,N,Man,Both,N,Y,Y,Y,Y,Y,Y,Y,Y,Y,,,,,,,,,,
334,Non-Kohanim are forbidden to eat trumah,280,Leviticus,Emor,22,10,N,God,Both,N,Y,Y,Y,Y,Y,Y,Y,Y,Y,,,,,,,,,,
335,A Kohen's temporary or permanent Jewish slave is forbidden to eat trumah,281,Leviticus,Emor,22,10,N,God,Both,N,Y,Y,Y,Y,Y,Y,Y,Y,Y,,,,,,,,,,
336,"Not to eat tevel, which means something from which t'rumah and the tithes were not taken off",284,Leviticus,Emor,22,15,N,God,Both,N,Y,Y,Y,Y,Y,Y,Y,Y,Y,,,,,,,,,,
337,It is forbidden to eat tevel (produce from which trumah and tithes have not been seperated),284,Leviticus,Emor,22,15,N,God,Both,N,Y,Y,Y,Y,Y,Y,Y,Y,Y,,,,,,,,,,
338,"To separate out after t'rumah, maaser rishon",395,Numbers,Korach,18,24,P,Man,Both,N,Y,Y,Y,Y,Y,Y,Y,Y,Y,,,,,,,,,,
339,To separate a tenth from this tithe and to give it to a kohen,396,Numbers,Korach,18,26,P,Man,Both,N,Y,Y,Y,Y,Y,Y,Y,Y,Y,,,,,,,,,,
340,"To separate ma'aser sheni in the 1st, 2nd, 4th and 5th years of the sh'mittah cycle, after ma'aser rishon",473,Deuteronomy,Re'eh,14,22,P,Man,Both,N,Y,Y,Y,Y,Y,Y,Y,Y,Y,,,,,,,,,,
341,To separate ma'aser ani in the 3rd and 6th year of the sh'mittah cycle after maaser rishon,474,Deuteronomy,Re'eh,14,28,P,Man,Both,N,Y,Y,Y,Y,Y,Y,Y,Y,Y,,,,,,,,,,
342,To appoint judges and a Beit Din in every Jewish community [also Noachide],491,Deuteronomy,Shoftim,16,18,P,Man,Both,N,Y,Y,Y,Y,Y,Y,Y,Y,Y,,,,,,,,,,
343,Not to plant a tree in the Temple area,492,Deuteronomy,Shoftim,16,21,P,God,Both,N,Y,Y,Y,Y,Y,Y,Y,Y,Y,,,,,,,,,,
344,To separate t'rumah and give it to a kohen,507,Deuteronomy,Shoftim,18,4,P,Man,Both,N,Y,Y,Y,Y,Y,Y,Y,Y,Y,,,,,,,,,,
345,"That a ritually unclean person is not to enter the ""camp of the Levites"", which means the Temple Mount",565,Deuteronomy,Ki Tetzei,23,11,N,God,Both,N,Y,Y,Y,Y,Y,Y,Y,Y,Y,,,,,,,,,,
346,To make an avowal before Hashem after we dispense all the gifts in the grain produce of the Land,607,Deuteronomy,Ki Tavo,26,13,P,God,Both,N,Y,Y,Y,Y,Y,Y,Y,Y,Y,,,,,,,,,,
